,id,generated
0,0000aaaa,0.379177853874364
1,1111bbbb,0.379177853874364
2,2222cccc,0.379177853874364
