,id,generated
0,0000aaaa,0.279983
1,1111bbbb,0.279983
2,2222cccc,0.279983
