,id,generated
0,0000aaaa,0.9999898
1,1111bbbb,0.99998665
2,2222cccc,0.22144283
